Instagram Account name,Username,Profile URL,Number of posts,Number of followers,Number of following,Bio/description text,profile_picture_url
John Doe,johndoetattoos,https://www.instagram.com/johndoetattoos/,187,361,271,Tattoo Artist @ Trainwreck Tattoo Studio,https://scontent-hbe1-2.xx.fbcdn.net/v/t51.2885-15/451435017_1660120771489284_5424142013710675333_n.jpg?_nc_cat=101&ccb=1-7&_nc_sid=7d201b&_nc_ohc=iTCsvi8khiYQ7kNvwEqSMh-&_nc_oc=AdkDwEuHc5XUJyifyeET4zJ9VS1gUX5xZHMUgW0SeQFUmgnYKqgGqxHdc12l7yz55gM&_nc_zt=23&_nc_ht=scontent-hbe1-2.xx&edm=AL-3X8kEAAAA&oh=00_AffXWQyxJYUWzQneESrAjeVqs0HEMsJzMaIoFXkrdl60Wg&oe=68FE1D0A
John Doe,johndoe_music_,https://www.instagram.com/johndoe_music_/,52,911,833,â¤ï¸ ğŸ”’ @queene.93  ğŸšªRugged Raw Productionsâ„¢ï¸ğŸ¶ Artist/Producer/Audio Engineer ğŸ¤ğŸ§ğŸ¹ Check out all my musicğŸ‘‡âœŒï¸,https://scontent-hbe1-1.xx.fbcdn.net/v/t51.75761-15/509641506_18512577910046427_5364656703724685174_n.jpg?_nc_cat=104&ccb=1-7&_nc_sid=7d201b&_nc_ohc=e3S5QnZ2XRUQ7kNvwFx7PWT&_nc_oc=AdmU6AN5rMIlVQ_4UH-yEGSQNXLBYHriUpnFhs63uckf-TsW5QlDVATmeIzltwXQek8&_nc_zt=23&_nc_ht=scontent-hbe1-1.xx&edm=AL-3X8kEAAAA&_nc_gid=Uwfw1nSY_YKjpa2wppGT1w&oh=00_Aff_Ds4zid8qGFQUcvpIjExzxrTeRL_261sbAwUImIPbOw&oe=68FE26BB
John Doe,ridejohndoe_official,https://www.instagram.com/ridejohndoe_official/,333,57329,1344,Protective Motorcycle Gear  HI-TECH MADE FOR RIDING  Designed and Developed in Germany,https://scontent-hbe1-1.xx.fbcdn.net/v/t51.2885-15/130114590_293928072028491_4209524919193930968_n.jpg?_nc_cat=104&ccb=1-7&_nc_sid=7d201b&_nc_ohc=Qwme1xjF46MQ7kNvwHA5hNZ&_nc_oc=AdljsMa0cJF-6tWuuJIL8q6m0Jw67g4wIebJzUIORx8KPayRvCNHZyAQVHOU5s9gqTY&_nc_zt=23&_nc_ht=scontent-hbe1-1.xx&edm=AL-3X8kEAAAA&oh=00_AfdmzaufzL6mT_CbVMRE4KaEZ-SmxsNiBioeYhxCT_Wiqw&oe=68FE3696
John Doe & Co.,johndoeand.co,https://www.instagram.com/johndoeand.co/,6,4380,31,"Brand strategy, image management & representation for ambitious companies, creatives and talent",https://scontent-hbe1-1.xx.fbcdn.net/v/t51.2885-15/449440461_503134728812814_7160477859719922120_n.jpg?_nc_cat=111&ccb=1-7&_nc_sid=7d201b&_nc_ohc=ZHq5vBySGUAQ7kNvwH3nLs1&_nc_oc=AdnJrdiTSPSNKNSCHlSUuTn4XzhKmbn2ENVhw9oN-1QW3CVbk8mCGCDFqZmtvHwNP2c&_nc_zt=23&_nc_ht=scontent-hbe1-1.xx&edm=AL-3X8kEAAAA&oh=00_AfcpsNYG8zL6nIOIWYUK8oI9yTJ_6OmhNgIUr6BIFDpo_A&oe=68FE35BC
John Doe,the_mindbody_connect,https://www.instagram.com/the_mindbody_connect/,37,251,605,Your plug when it comes to fitness and nutrition.  ğŸ§ ğŸ”ŒğŸ’ªğŸ½,https://scontent-hbe1-2.xx.fbcdn.net/v/t51.2885-15/117343679_1485036781698538_1001496792596723636_n.jpg?_nc_cat=107&ccb=1-7&_nc_sid=7d201b&_nc_ohc=bsQqLjxjyWcQ7kNvwElbKNJ&_nc_oc=Adl4MXWqlr1f1ZySVPfPivQVobRW3I3mC_3CzRdqkxqAXYQJpAjJxToJVJXGbEQFJwQ&_nc_zt=23&_nc_ht=scontent-hbe1-2.xx&edm=AL-3X8kEAAAA&oh=00_AfeYyPycHbtrnNufqfbD_WxR3uzdUUTLXYU2eMZKQN-Aig&oe=68FE34A1
John Doe,whatjohndoesays,https://www.instagram.com/whatjohndoesays/,1261,5375,2450,Independent & Integrated Agency of the Year ğŸ†  Home to @beginelsewhere & @futures.unlocked  Glasgow. London. Manchester.,https://scontent-hbe1-1.xx.fbcdn.net/v/t51.2885-15/338267850_744114357424267_8786178361327161289_n.jpg?_nc_cat=100&ccb=1-7&_nc_sid=7d201b&_nc_ohc=21X2Js2IwugQ7kNvwGMmJKu&_nc_oc=Adkhu1ld7cHJfYDY7csuZNvmz4aduKYB3MXapsEqQqRmjhW9YzH4uL6axMh7pJvoEd4&_nc_zt=23&_nc_ht=scontent-hbe1-1.xx&edm=AL-3X8kEAAAA&oh=00_AffqW0W0QQaTlJZETO0_wZoLf9PL5qRU2j0i7WJ45lE4DA&oe=68FE405B
John Doe,momusic,https://www.instagram.com/momusic/,27,38418,599,,https://scontent-hbe1-2.xx.fbcdn.net/v/t51.82787-15/542383948_18522948316001953_6854283001719835062_n.jpg?_nc_cat=101&ccb=1-7&_nc_sid=7d201b&_nc_ohc=6g-v3QQ1BlUQ7kNvwG2ycMN&_nc_oc=Adktb7chuas6N9HJmXELYH8qEpvm_u6vLfnEWALgx6mGm2Oj6yt8wfbtMmSm0Stl0Z0&_nc_zt=23&_nc_ht=scontent-hbe1-2.xx&edm=AL-3X8kEAAAA&_nc_gid=xoy_9iadG-k94sy7HLQiGg&oh=00_AfcLw_TuFXVkwRGv87e9KErf0qvMsHHrKqme13D5kLyKbQ&oe=68FE28D4
John Doe Ultimate,johndoeultimate,https://www.instagram.com/johndoeultimate/,66,453,332,The most frisbee team in the DC area,https://scontent-hbe1-1.xx.fbcdn.net/v/t51.2885-15/487272874_2122899784820258_584013129515694458_n.jpg?_nc_cat=106&ccb=1-7&_nc_sid=7d201b&_nc_ohc=j5YelciWAT8Q7kNvwEf9y76&_nc_oc=AdnlchmqoPuIupO45KIG7tKJdf0Qgylbs0E3Ie6H_W6y6BQ4l3g968uFL7E_MT3IPGU&_nc_zt=23&_nc_ht=scontent-hbe1-1.xx&edm=AL-3X8kEAAAA&oh=00_AffPMllARppWVk7QhFc6_1jDKYHK4sLNe2hA7LAQDhtCgA&oe=68FE2FE8
John Doe Craft Bar & Kitchen,johndoenyc,https://www.instagram.com/johndoenyc/,1304,7989,3678,ğŸ¸John Doe  ğŸ»Happy hour 11am-8pm  ğŸ¥‚WEEKEND BOTTOMLESS BRUNCH,https://scontent-hbe1-1.xx.fbcdn.net/v/t51.2885-15/217270255_405826100817324_4919700800981466663_n.jpg?_nc_cat=111&ccb=1-7&_nc_sid=7d201b&_nc_ohc=8xQXLOv6y8EQ7kNvwE0y7Qa&_nc_oc=AdlhPSsewnSiNv_iG5KGVtFx0Fedy1ch6b0_xWh35_7HQmrq86ugOywRItRTZBTUYik&_nc_zt=23&_nc_ht=scontent-hbe1-1.xx&edm=AL-3X8kEAAAA&oh=00_AfeOBXVr9m-xsxFTeBv6Nh41bskljeFfOdy8i8wLhzLjJA&oe=68FE1DD0
John Doe Trio,johndoetriouk,https://www.instagram.com/johndoetriouk/,135,190,200,Explosive and skillful original British Blues. Performed by 3 of the finest musicians working on the UK blues circuit.  www.johndoetrio.com,https://scontent-hbe1-1.xx.fbcdn.net/v/t51.2885-15/465601334_864076562597525_7604025467820808964_n.jpg?_nc_cat=100&ccb=1-7&_nc_sid=7d201b&_nc_ohc=-Cn-Qc_rgRIQ7kNvwFPYXOq&_nc_oc=AdmK0M3jvK6LKdL0C1cH-u-wtp0IAyPAL12QZgKJ0i_8L8Me91t4XPRip49BBAcVLzc&_nc_zt=23&_nc_ht=scontent-hbe1-1.xx&edm=AL-3X8kEAAAA&oh=00_Afe2oDBaW4fag51Vd4IKraKjUCUpMHbT1X0JvaVnxWvi0Q&oe=68FE2B49
John Doe,graffiti_losangeles,https://www.instagram.com/graffiti_losangeles/,2723,17045,786,He said she said bla bla bla.  All photos taken by me. Please tag artist I dont know.,https://scontent-hbe1-1.xx.fbcdn.net/v/t51.2885-15/16465101_258519921240032_2743794029748551680_a.jpg?_nc_cat=102&ccb=1-7&_nc_sid=7d201b&_nc_ohc=IBM3RR0GgOgQ7kNvwHxq9kH&_nc_oc=Adm7GEIEy7KJqULOHWVDRFaFJGspH_cPPGcy_NrNjLKpClUxzST5gAiu_t1_MCyxkqM&_nc_zt=23&_nc_ht=scontent-hbe1-1.xx&edm=AL-3X8kEAAAA&oh=00_AfeoNdxEujbuOjOGs1XepgyF2tX_VKY22uE-p1uLiblzag&oe=68FE2A88
John Doe Records,johndoerecords,https://www.instagram.com/johndoerecords/,1640,2040,2859,518 212 7653 Sunday to Sunday 12 to 6pm.  Catch us at @johndoebookz @johndoeclothez @johndoeantiquez,https://scontent-hbe1-1.xx.fbcdn.net/v/t51.2885-15/11809556_1616373045283236_1917144279_a.jpg?_nc_cat=110&ccb=1-7&_nc_sid=7d201b&_nc_ohc=QwMywt9-bCgQ7kNvwEaWMMQ&_nc_oc=AdlYELIpi7r58tyg6JmuuuTBeAXeuulsg_xtsuQl99ne7RIco5sYHnsETioYS53nZXU&_nc_zt=23&_nc_ht=scontent-hbe1-1.xx&edm=AL-3X8kEAAAA&oh=00_AffG9PEFvu3e3UJKrhpKiyE88DY3xLUiIs4FsLveYJSDzw&oe=68FE1DAB
John Doe,mindovermatter_3k,https://www.instagram.com/mindovermatter_3k/,390,172971,1078,Only person I judge is the one in the mirror && lately he ainâ€™t doing wellğŸ˜®â€ğŸ’¨ Follow my ğŸï¸ @cbr600rr_3k,https://scontent-hbe1-2.xx.fbcdn.net/v/t51.2885-15/460682941_390187193950324_6637768475315608585_n.jpg?_nc_cat=107&ccb=1-7&_nc_sid=7d201b&_nc_ohc=gaOZAYoZSX8Q7kNvwFSDHLy&_nc_oc=AdlkjgJGr-jEYZYQv-W2Cq13-dZBpYuu5EnxAfa8ho1MaaUDhHC2wl-QP025cCT76ak&_nc_zt=23&_nc_ht=scontent-hbe1-2.xx&edm=AL-3X8kEAAAA&oh=00_AffC2Dv6OLJ7ziPZXKT6meO72TzF96rzoAF4yonam5p_Yw&oe=68FE41A0
John Doe food,johndoe_food,https://www.instagram.com/johndoe_food/,98,3025,642,ğŸ Delivery 1123999640 ğŸ” Hamburguesas ğŸ• Pizzas ğŸŒ® Tacos ğŸ´ SÃ¡ndwiches ğŸŸ Papas fritas ğŸ— Pollo crocante,https://scontent-hbe1-2.xx.fbcdn.net/v/t51.2885-15/479183744_4064721503809818_737567109011641525_n.jpg?_nc_cat=107&ccb=1-7&_nc_sid=7d201b&_nc_ohc=yYj0ElDDIqIQ7kNvwGW4k0_&_nc_oc=AdnF0p73ABoBAJlSyIPEjhYNX2XBN0sqQyGDsn40eh1hMiYXuvULQIz3My-GoSmLpAo&_nc_zt=23&_nc_ht=scontent-hbe1-2.xx&edm=AL-3X8kEAAAA&oh=00_Afe-qailX52eXNplN-f7wpPp3lyCpPndhu-JyExLmBHy8w&oe=68FE44F6
John Doe,forexreviewssa,https://www.instagram.com/forexreviewssa/,74,1449,2666,"Follow us for reviews related to indicators, software, robots and other forex aids.  Follow our YouTube channel for more in depth analysis's",https://scontent-hbe1-1.xx.fbcdn.net/v/t51.2885-15/177713367_1322958834741504_1024010862139782138_n.jpg?_nc_cat=111&ccb=1-7&_nc_sid=7d201b&_nc_ohc=-IWJczzn_E0Q7kNvwEdZ-Q8&_nc_oc=AdmOhnTBhz23s43co9DnhPc_8wlARdo1dMRBWlpC4lbuhVSF985t97sUUHrIShKhgAA&_nc_zt=23&_nc_ht=scontent-hbe1-1.xx&edm=AL-3X8kEAAAA&oh=00_AfcaVh4NZnGM3Jwsrupc6gNPDJoHyWr9J2ech5rZz1gTYg&oe=68FE17D9
John Doe Shoes,johndoeshoes,https://www.instagram.com/johndoeshoes/,655,5146,382,"Customize your very own pair of John Doe Shoes. Dozens of styles, the most exclusive leathers, no MTO fee, shipped in 3-4 weeks. Pay 2 get 3 deal.",https://scontent-hbe1-1.xx.fbcdn.net/v/t51.2885-15/15877245_1823426364562879_1410426655385583616_n.jpg?_nc_cat=100&ccb=1-7&_nc_sid=7d201b&_nc_ohc=4NmOnTrcX_EQ7kNvwGoFs7n&_nc_oc=AdnfyPlzZHaJ9M21iG6ZPmcq5v32K52gBwP9rxDOu1mQgWR1nNpFU2NGtrLDP6w_DbY&_nc_zt=23&_nc_ht=scontent-hbe1-1.xx&edm=AL-3X8kEAAAA&oh=00_Afew3cXPNY0Ksf86B3RJs-Bt6-RhdlVrnwNlg6RgBVKR7g&oe=68FE3EFD
Club John Doe,clubjohndoe,https://www.instagram.com/clubjohndoe/,1409,8613,31,Rembrandtplein 31 Amsterdam For reservations please contact us through pm or email Tickets and Reservations ğŸ‘‡,https://scontent-hbe1-1.xx.fbcdn.net/v/t51.2885-15/11117165_814100022013689_1442138758_a.jpg?_nc_cat=105&ccb=1-7&_nc_sid=7d201b&_nc_ohc=pLydcoa-zKkQ7kNvwF8Mjcd&_nc_oc=AdmWT9do_6mHczjLaJ8Ax1grZnUFG13ac4fGqBuBPt2mpbd0zRiFb9U-H2thfQAkh9A&_nc_zt=23&_nc_ht=scontent-hbe1-1.xx&edm=AL-3X8kEAAAA&oh=00_Afeqae6C5rKd_inz0dghxRJ-t6FJF4Xa5KtSs7aCiETQwA&oe=68FE3825
John Doe Raps,johndoe_raps,https://www.instagram.com/johndoe_raps/,32,9623,2034,"ğŸ¤ ğğ¨ğ¨ğ¤ ğ¦ğ ğ§ğ¨ğ° ğ­ğ¨ ğ©ğğ«ğŸğ¨ğ«ğ¦ ğ¨ğ« ğ¡ğ¨ğ¬ğ­ ğ²ğ¨ğ®ğ« ğğ¯ğğ§ğ­ ğŸ“ˆ ğƒğ¨ğ©ğ ğ’ğğ­ğ¬ , ğ‘ğğšğ¥ ğŒğ¨ğ­ğ¢ğ¨ğ§ ğŸ’° ğğğğ ğ©ğ«ğ¨ğ¦ğ¨? ğ“ğšğ© ğ¢ğ§ ğŸ“§ ğ˜ğ˜¢ğ˜µğ˜¢ğ˜­ğ˜¤ğ˜°ğ˜¯ğ˜¯ğ˜¦ğ˜¤ğ˜µğ˜ªğ˜°ğ˜¯ğ˜¦ğ˜¯ğ˜µ@ğ˜¨ğ˜®ğ˜¢ğ˜ªğ˜­.ğ˜¤ğ˜°ğ˜®",https://scontent-hbe1-1.xx.fbcdn.net/v/t51.2885-15/455905010_481498931396209_3592202110077478436_n.jpg?_nc_cat=102&ccb=1-7&_nc_sid=7d201b&_nc_ohc=jGS7yjZyptUQ7kNvwHkM6vr&_nc_oc=AdmaA8qPydslj6x069JLeQ4wanqweq0Q3bRLtvxLEgYxY6PyAd132tTDQmCRby-d5rc&_nc_zt=23&_nc_ht=scontent-hbe1-1.xx&edm=AL-3X8kEAAAA&oh=00_AferMGDQ_r8-E_CvtFR7-IDTmGW94a8GXP8zv-NvdaQBTw&oe=68FE20DC
John Doe,billionaire_johndoe,https://www.instagram.com/billionaire_johndoe/,9,1316,1068,"Pioneering greatness, one step at a time #BillionaireStatus @melodicmuxiq_atl ğŸ—ƒï¸ğŸ–Šï¸ @atl_petcare ğŸ¦®ğŸˆ",https://scontent-hbe1-1.xx.fbcdn.net/v/t51.2885-15/401501153_658933629742950_5887945779493443001_n.jpg?_nc_cat=109&ccb=1-7&_nc_sid=7d201b&_nc_ohc=cQ3vodLN90EQ7kNvwH-SRGl&_nc_oc=AdkyqaULBbysgmR_OIAsyEfZPfUZGNCPSfYzNWGsllfNdqpuvtqt73rED4Bo_-UVvKY&_nc_zt=23&_nc_ht=scontent-hbe1-1.xx&edm=AL-3X8kEAAAA&oh=00_AfcT9D929_PCWRwMdL6dqyEvpKEorf3aCvGeOaBLdj7Fqw&oe=68FE1C78
The Cleaning Of John Doe,johndoepodcast,https://www.instagram.com/johndoepodcast/,58,742,66,When a crime scene cleaner starts a podcast you get The Cleaning if John Doe! A series based on true crime stories from a crime scene cleaner.,https://scontent-hbe1-2.xx.fbcdn.net/v/t51.2885-15/22860466_372920256463793_5382905301173272576_n.jpg?_nc_cat=107&ccb=1-7&_nc_sid=7d201b&_nc_ohc=C7O7pOo3sfUQ7kNvwHA_mJv&_nc_oc=AdkwzHNZSy7hrsa8-ejvUerGCWMNnX77e0QteUqge0tsiBk-gdydtaXVThhmTkrIT08&_nc_zt=23&_nc_ht=scontent-hbe1-2.xx&edm=AL-3X8kEAAAA&oh=00_Aff6ZGGlPk4FtVxLK5JRjPgPiPz0MwS3Lub_Jf6JOL7gEQ&oe=68FE46AB
John Doe Books,johndoe_books,https://www.instagram.com/johndoe_books/,19,149,0,Librairie [Art/Photographie] & Gallerie.,https://scontent-hbe1-2.xx.fbcdn.net/v/t51.2885-15/120128355_117874636562228_5359994568196146474_n.jpg?_nc_cat=101&ccb=1-7&_nc_sid=7d201b&_nc_ohc=8oyB7U6Yb2kQ7kNvwF-z6I8&_nc_oc=Adn71ypFDoIy0iPAjzcCCc4OiC01NiRj21TOopO7n1ug6RF9eUF7RjgNUbJj2nN39AQ&_nc_zt=23&_nc_ht=scontent-hbe1-2.xx&edm=AL-3X8kEAAAA&oh=00_Afdl7GyAJZXvaTpjJ8QxJh3pX8iTKXU2IJfkZRxh6Qa-9w&oe=68FE294B
John Doe Tattoo,johndoetattooartist,https://www.instagram.com/johndoetattooartist/,37,3385,1286,âšœï¸APPOINTMENT ONLYâšœï¸,https://scontent-hbe1-1.xx.fbcdn.net/v/t51.2885-15/281334143_1171808186988637_6759892490425397067_n.jpg?_nc_cat=104&ccb=1-7&_nc_sid=7d201b&_nc_ohc=B1KR9wAzQqsQ7kNvwFk10nz&_nc_oc=Adle931gMjfUDydoFBe2AGSL9seAMicRZBTw0b-w0UiIMXU1UPMvZT0bIm0epcaM7F8&_nc_zt=23&_nc_ht=scontent-hbe1-1.xx&edm=AL-3X8kEAAAA&oh=00_Affc1BJQMY2Dh6Xs3tc_7QH_HAXvfw_-POkbys7qpsIE-A&oe=68FE1B7A
John Doe,jd_livin_fast,https://www.instagram.com/jd_livin_fast/,140,1640,625,Time is money so ion got timeğŸ’°ğŸ’¸ğŸ•”ğŸ•– Free the gang r.i.p #jok #chico #jdub #tye  Scared money Dnt make no money ğŸš«ğŸ§¢,https://scontent-hbe1-1.xx.fbcdn.net/v/t51.2885-15/60972819_186188402300109_4036369415346847744_n.jpg?_nc_cat=111&ccb=1-7&_nc_sid=7d201b&_nc_ohc=l7s8TgfMcJAQ7kNvwEh-nZK&_nc_oc=AdnIccXeeJ0d30Sg9Kau6llC8IVWWqw_17iGqY9suaTK2lsy3O7rU4GbkJeYLUN-AnE&_nc_zt=23&_nc_ht=scontent-hbe1-1.xx&edm=AL-3X8kEAAAA&oh=00_AfdXwDCPlTbyALI0nd9zH-IVuwBJUU1QrbcLQ7_q02c2fw&oe=68FE4469
John doe,lulflorida,https://www.instagram.com/lulflorida/,59,4521,2441,Stfu & follow me ğŸ™„Hacked at 20k ğŸ¤¦ğŸ¿â€â™‚ï¸Florida boy ğŸ˜rapperğŸ@datbagmultimedia Click link â€œmisunderstood.4â€ #LongLiveBenjiOsama3s^ @lapeypey_,https://scontent-hbe1-1.xx.fbcdn.net/v/t51.2885-15/266480708_610246993545994_6035000004604195843_n.jpg?_nc_cat=110&ccb=1-7&_nc_sid=7d201b&_nc_ohc=IUrjsbVpCKUQ7kNvwFAjviF&_nc_oc=AdkaoZye7mOeNOgzs_I5IyTdVvr6NcxpIP6_2WpNa1nD8nUKshZHJ4q_yko684pnpm4&_nc_zt=23&_nc_ht=scontent-hbe1-1.xx&edm=AL-3X8kEAAAA&oh=00_Affs9SJpCvph2K4dXlzDVfDcnxxXJeWZcONlyEcspRgaZQ&oe=68FE4A8E
john doe PHOTOGRAPHY,mindfultrips,https://www.instagram.com/mindfultrips/,274,95483,6960,"âœˆ Traveler | ğŸ“·Photographer | ğŸFilmmaker |  Featuring highly emotional content from my camera, and from your Instagram too.",https://scontent-hbe1-1.xx.fbcdn.net/v/t51.2885-15/30918057_172564690117274_8069602362106314752_n.jpg?_nc_cat=109&ccb=1-7&_nc_sid=7d201b&_nc_ohc=oF35sFZKabUQ7kNvwGhAO-5&_nc_oc=Adltp5Z81jw-nxevR5RjiT_BKumoowIQETrTGD3LVE6BU5nAFjIUtzxIM59uCI-WmCs&_nc_zt=23&_nc_ht=scontent-hbe1-1.xx&edm=AL-3X8kEAAAA&oh=00_AffqIQI38TKhNRlmwU8hIlfpvH6oQu3nkEnxLXSkTyHEmQ&oe=68FE1483
theejohndoe,theejohndoe,https://www.instagram.com/theejohndoe/,1363,38750,1471,glass-half-full-guy,https://scontent-hbe1-1.xx.fbcdn.net/v/t51.2885-15/115804904_668990513706528_8726335721765643850_n.jpg?_nc_cat=104&ccb=1-7&_nc_sid=7d201b&_nc_ohc=6Dm-TMn0QhYQ7kNvwGMtu8Z&_nc_oc=AdnLsk-5lcsVQv84Q6KVBo5bVOfNBtqKLKuafGlE6YVr9C4dP75AevG2fRYLEnxC8pU&_nc_zt=23&_nc_ht=scontent-hbe1-1.xx&edm=AL-3X8kEAAAA&oh=00_AfeLjs61zydEbj2umhyRGneDeGWDUFoUA0et0GQGT3pK6w&oe=68FE17F6
JOHN DOE | BAXAR,johndoe.baxar,https://www.instagram.com/johndoe.baxar/,280,6103,55,Blending Memories & Whiskey - @john.doe.bar en el corazÃ³n de @baxarmercado ğŸ¸ ğŸ•¦ Open bar 11am ğŸ“Av. 51 e/5 y 6 Â¡MirÃ¡ nuestra carta!ğŸ‘‡ğŸ¼,https://scontent-hbe1-1.xx.fbcdn.net/v/t51.2885-15/468747991_550197361240774_7627169152354582038_n.jpg?_nc_cat=104&ccb=1-7&_nc_sid=7d201b&_nc_ohc=pocoEY8oBuEQ7kNvwGErD1O&_nc_oc=AdlTwIZPSCg9fSQazQz_RMfyeoM5rIKtVpTUmShKBVqrk5UoYMtsunlYUaiw_pQ7nnM&_nc_zt=23&_nc_ht=scontent-hbe1-1.xx&edm=AL-3X8kEAAAA&oh=00_Afdast_aRm1qrFKTDJ_p7VBoHlEymYdu8gODYjWM2zNyrA&oe=68FE3492
JOHN DOE,johndoe.tlv,https://www.instagram.com/johndoe.tlv/,69,7577,1,"ğ—ªğ—µğ—²ğ—¿ğ—² ğ—§ğ—²ğ—¹ ğ—”ğ˜ƒğ—¶ğ˜ƒ ğ—°ğ—¼ğ—ºğ—²ğ˜€ ğ—®ğ—¹ğ—¶ğ˜ƒğ—².  ğ–§ğ—ˆğ— ğ–£ğ–©ğ—Œ, ğ—‰ğ—ğ—‹ğ–¾ ğ–¾ğ—‡ğ–¾ğ—‹ğ—€ğ—’ & ğ–¾ğ—‡ğ–½ğ—…ğ–¾ğ—Œğ—Œ ğ—‡ğ—‚ğ—€ğ—ğ—ğ—Œ.  ğŸ“ ğ–±ğ—ˆğ—ğ—ğ—Œğ–¼ğ—ğ—‚ğ—…ğ–½ ğŸ£ğŸ« | ğ–²ğ—ğ—‡â€“ğ–²ğ–ºğ—   ğ—™ğ—¼ğ—¿ ğ—¼ğ˜‚ğ—¿ ğ—®ğ—¹ğ—¹ ğ—²ğ˜ƒğ—²ğ—»ğ˜ğ˜€               ğŸ‘‡",https://scontent-hbe1-1.xx.fbcdn.net/v/t51.2885-15/332902009_175413138543799_5545820352113708492_n.jpg?_nc_cat=106&ccb=1-7&_nc_sid=7d201b&_nc_ohc=DCi6_kx8-aQQ7kNvwFHDjY4&_nc_oc=AdldD8vILAf6VE96ps7-yFIGdEhnjdKJPbXhbFEXLBvWwl4Q7PXbW3cwV1EzR7ooNUc&_nc_zt=23&_nc_ht=scontent-hbe1-1.xx&edm=AL-3X8kEAAAA&oh=00_AfdmauKpOy3XA1_rfbsqcrnquBeJXo-t8V4LhMOkw4ek4w&oe=68FE2ADC
JOHN DOE | Walk-in Tattoo Studio | Piercing and more,johndoe.tattoo,https://www.instagram.com/johndoe.tattoo/,170,767,23,Via Cavour 32G Vigonza (PD) LunedÃ¬ 14:00-19:30 MartedÃ¬-Sabato 10:00-19:30 Info e appuntamenti in dm o al  375 6670568,https://scontent-hbe1-1.xx.fbcdn.net/v/t51.2885-15/344468673_1403718260411793_2705896633256042290_n.jpg?_nc_cat=105&ccb=1-7&_nc_sid=7d201b&_nc_ohc=wGnTVRYCLjkQ7kNvwGd5ji8&_nc_oc=Adn9NpXTJpJRdrl_VfIsmmn1nP-LusSRUG8aicUUGkIZ9cFoTJ9SgGHAwlOz3DRNIU4&_nc_zt=23&_nc_ht=scontent-hbe1-1.xx&edm=AL-3X8kEAAAA&oh=00_Affuq47XP6nL57tum7BeY6u59kiePLLwTJJbCj9ZuHw8LQ&oe=68FE2550
JohnDoeManagement,johndoemanagement,https://www.instagram.com/johndoemanagement/,329,2607,758,"John Doe Management is a boutique agency that represents a diverse range of talented actors for film, television and commercials.",https://scontent-hbe1-1.xx.fbcdn.net/v/t51.2885-15/457601191_8569962666368931_7404152520353672051_n.jpg?_nc_cat=100&ccb=1-7&_nc_sid=7d201b&_nc_ohc=Eu5ZL4Hn7UIQ7kNvwEb8aeB&_nc_oc=AdkSsaD2zq46KqPjQSdDGeqg6TMqFzgApuZSRUvjnnsnVDOhdsSTNHf4Zq0zNvSA1tc&_nc_zt=23&_nc_ht=scontent-hbe1-1.xx&edm=AL-3X8kEAAAA&oh=00_Afd3SP8DA47sDULEhlj_vaAkFhjuy5iF04bqKn_jmC1GpA&oe=68FE2A0F
JOHN DOE JEWELRY,johndoejewelry,https://www.instagram.com/johndoejewelry/,34,954,776,Designed and produced in Copenhagen Available at  @storm_copenhagen in-store and online. @kristinealgreen on Ã˜sterbrogade 50,https://scontent-hbe1-2.xx.fbcdn.net/v/t51.2885-15/462849471_866666405649405_4782503757531226339_n.jpg?_nc_cat=107&ccb=1-7&_nc_sid=7d201b&_nc_ohc=v4nYwEqcorUQ7kNvwFaHTz_&_nc_oc=AdkZaxYIVtef2BH5xOvkTXJHik5qlPQuCCZ-oeRM6MpUI6yCuJTwAo91iwWj28DBEWw&_nc_zt=23&_nc_ht=scontent-hbe1-2.xx&edm=AL-3X8kEAAAA&oh=00_AffgNUc6TVHdri117IrQkQ6Rr7vupm919fVvU-J0OHzrZg&oe=68FE445F
